Underrepresented Communities,count
Communities with English as a second language,11
Ethnic communities,11
Immigrant communities,11
LGBTQI communities,11
Low-income communities,11
People of color,11
Low-income communities,10
People of color,10
Ethnic communities,9
Immigrant communities,9
LGBTQI communities,9
Low-income communities,9
People of color,9
People of color,6
People of color,5
Low-income communities,5
Communities with English as a second language,4
Ethnic communities,4
People of color,4
Immigrant communities,4
LGBTQI communities,4
Low-income communities,4
Communities with English as a second language,4
Ethnic communities,4
Immigrant communities,4
Low-income communities,4
People of color,4
Ethnic communities,3
People of color,3
Communities with English as a second language,2
Ethnic communities,2
Immigrant communities,2
People of color,2
Immigrant communities,2
Low-income communities,2
Ethnic communities,2
Immigrant communities,2
Communities with English as a second language,2
Ethnic communities,2
Immigrant communities,2
Ethnic communities,2
LGBTQI communities,2
Low-income communities,2
People of color,2
Communities with English as a second language,2
Low-income communities,2
People of color,2
Communities with English as a second language,2
Ethnic communities,2
People of color,2
Ethnic communities,1
Immigrant communities,1
LGBTQI communities,1
People of color,1
Communities with English as a second language,1
People of color,1
Immigrant communities,1
LGBTQI communities,1
Low-income communities,1
People of color,1
Communities with English as a second language,1
Indigenous Populations,1
Low-income communities,1
People of color,1
Indigenous Populations,1
Low-income communities,1
Ethnic communities,1
People of color,1
Immigrant communities,1
Low-income communities,1
Ethnic communities,1
Immigrant communities,1
Low-income communities,1
Indigenous Populations,1
Indigenous Populations,1
Communities with English as a second language,1
Immigrant communities,1
People of color,1
Immigrant communities,1
LGBTQI communities,1
Low-income communities,1
Ethnic communities,1
Immigrant communities,1
People of color,1
Ethnic communities,1
Low-income communities,1
People of color,1
LGBTQI communities,1
People of color,1
Indigenous Populations,1
LGBTQI communities,1
Low-income communities,1
Ethnic communities,1
Low-income communities,1
People of color,1
Indigenous Populations,1
LGBTQI communities,1
Low-income communities,1
People of color,1
LGBTQI communities,1
Communities with English as a second language,1
Ethnic communities,1
Low-income communities,1
People of color,1
Communities with English as a second language,1
Ethnic communities,1
People of color,1
Indigenous Populations,1
Low-income communities,1
Communities with English as a second language,1
Low-income communities,1
Ethnic communities,1
Immigrant communities,1
Low-income communities,1
People of color,1
Communities with English as a second language,1
People of color,1
Immigrant communities,1
LGBTQI communities,1
Low-income communities,1
Immigrant communities,1
Communities with English as a second language,1
Ethnic communities,1
People of color,1
LGBTQI communities,1
Low-income communities,1
Communities with English as a second language,1
Immigrant communities,1
LGBTQI communities,1
Low-income communities,1
People of color,1
Communities with English as a second language,1
Immigrant communities,1
Low-income communities,1
Ethnic communities,1
LGBTQI communities,1
Ethnic communities,1
LGBTQI communities,1
Low-income communities,1
People of color,1
Immigrant communities,1
Low-income communities,1
People of color,1
Immigrant communities,1
LGBTQI communities,1
People of color,1
